{
    "accuracy": 0.43622047244094486,
    "class_counts": {
        "angry": 167,
        "happy": 104,
        "sad": 218,
        "neutral": 146
    },
    "precision_per_class": {
        "angry": 0.6641221374045801,
        "happy": 0.6842105263157895,
        "sad": 0.6037735849056604,
        "neutral": 0.3196125907990315
    },
    "recall_per_class": {
        "angry": 0.5209580838323353,
        "happy": 0.25,
        "sad": 0.14678899082568808,
        "neutral": 0.9041095890410958
    },
    "f1_per_class": {
        "angry": 0.5838926174496645,
        "happy": 0.36619718309859156,
        "sad": 0.23616236162361623,
        "neutral": 0.47227191413237923
    },
    "support_per_class": {
        "angry": 167.0,
        "happy": 104.0,
        "sad": 218.0,
        "neutral": 146.0
    },
    "confusion_matrix": [
        [
            87,
            8,
            11,
            61
        ],
        [
            10,
            26,
            2,
            66
        ],
        [
            29,
            3,
            32,
            154
        ],
        [
            5,
            1,
            8,
            132
        ]
    ],
    "report": {
        "angry": {
            "precision": 0.6641221374045801,
            "recall": 0.5209580838323353,
            "f1-score": 0.5838926174496645,
            "support": 167.0
        },
        "happy": {
            "precision": 0.6842105263157895,
            "recall": 0.25,
            "f1-score": 0.36619718309859156,
            "support": 104.0
        },
        "neutral": {
            "precision": 0.3196125907990315,
            "recall": 0.9041095890410958,
            "f1-score": 0.47227191413237923,
            "support": 146.0
        },
        "sad": {
            "precision": 0.6037735849056604,
            "recall": 0.14678899082568808,
            "f1-score": 0.23616236162361623,
            "support": 218.0
        },
        "accuracy": 0.43622047244094486,
        "macro avg": {
            "precision": 0.5679297098562653,
            "recall": 0.4554641659247798,
            "f1-score": 0.41463101907606287,
            "support": 635.0
        },
        "weighted avg": {
            "precision": 0.5674840495267709,
            "recall": 0.43622047244094486,
            "f1-score": 0.4031963282734224,
            "support": 635.0
        }
    }
}